FirstName,LastName,IsAdmin,Username
Donaugh,Foxwell,0,dfoxwell
Shelton,Cheesman,0,scheesman
Brande,Viel,0,bviel
Mick,Nassi,0,mnassi
Piotr,Kleinplatz,0,pkleinplatz
Amber,Tantum,0,atantum
Aubrey,Bavester,0,abavester
Larisa,Mascall,0,lmascall
Tamar,MacGown,0,tmacgown
Marianna,Mouncey,0,mmouncey
Second,Admin,1,admin2
Evie,Courtliff,0,ecourtliff
Marsha,Davidai,0,mdavidai
Elli,Arger,0,earger
Easter,Fearfull,0,efearfull
Jeramie,Billanie,0,jbillanie
Samara,Asman,0,sasman
Bernadette,Smogur,0,bsmogur
Gussi,Cherm,0,gcherm
Nananne,Barrett,0,nbarrett
Hobie,Fielders,0,hfielders
Gustavus,Rable,0,grable
Anderea,Hefforde,0,ahefforde
Christan,Johnikin,0,cjohnikin
Tracey,Dudin,0,tdudin
Zuzana,Wallwood,0,zwallwood
Katherina,Downage,0,kdownage
Pammi,Wheelwright,0,pwheelwright
Lowell,Rasmus,0,lrasmus
Margo,Plante,0,mplante
Lucas,Gawith,0,lgawith
Berta,Scoggin,0,bscoggin
Oby,Maltman,0,omaltman
Nathaniel,Farry,0,nfarry
Clyde,Moscone,0,cmoscone
Nickolas,Winspare,0,nwinspare
Doll,Dominy,0,ddominy
Rochette,Springtorp,0,rspringtorp
Abey,Buckeridge,0,abuckeridge
Rosalie,Keatley,0,rkeatley
Brana,Geoghegan,0,bgeoghegan
First,Admin,1,admin1